{
	"AWSTemplateFormatVersion": "2010-09-09",
	"Description": "AWS CloudFormation to create resources for Announcement Microservice. It will include: IAM Role, Lambda Function and API Gateway for REST API.",

	"Resources": {

		"myDynamoDBTable": {
			"Type": "AWS::DynamoDB::Table",
			"Properties": {
				"TableName": {
					"Ref": "DynamoDBTableName"
				},
				"AttributeDefinitions": [{
						"AttributeName": {
							"Ref": "IDKeyElementName"
						},
						"AttributeType": "S"
					}
				],
				"KeySchema": [{
						"AttributeName": {
							"Ref": "IDKeyElementName"
						},
						"KeyType": "HASH"
					}
				],
				"ProvisionedThroughput": {
					"ReadCapacityUnits": {
						"Ref": "ReadCapacityUnits"
					},
					"WriteCapacityUnits": {
						"Ref": "WriteCapacityUnits"
					}
				}
			}
		},



		"IAMRole": {
			"Type": "AWS::IAM::Role",
			"Properties": {
				"AssumeRolePolicyDocument": {
					"Version": "2012-10-17",
					"Statement": [{
						"Effect": "Allow",
						"Principal": {
							"Service": [
								"lambda.amazonaws.com"
							]
						},
						"Action": [
							"sts:AssumeRole"
						]
					}]
				},
				"Path": "/",
				"Policies": [{
					"PolicyName": "Policy_api-lambda-db",
					"PolicyDocument": {
						"Version": "2012-10-17",
						"Statement": [{
								"Effect": "Allow",
								"Action": [
									"dynamodb:*"
								],
								"Resource": "*"
							},
							{
								"Effect": "Allow",
								"Action": [
									"logs:CreateLogStream",
									"logs:CreateLogGroup",
									"logs:PutLogEvents"
								],
								"Resource": "*"
							}
						]
					}
				}]
			}
		},



		"listAnnouncements": {
			"Type": "AWS::Lambda::Function",
			"Properties": {
				"Description": "This function will list all available announcements in the system.",
				"FunctionName": {
					"Ref": "ListAnnouncementsLambdaFuncName"
				},
				"Handler": "index.lambda_handler",
				"Role": {
					"Fn::GetAtt": ["IAMRole", "Arn"]
				},
				"Runtime": "python3.8",
				"Code": {
					"S3Bucket": {
						"Ref": "LambdaFunctionsBucket"
					},
					"S3Key": "listAnnouncements_func.zip"
				}

			},
			"DependsOn": "IAMRole"
		},



		"createAnnouncement": {
			"Type": "AWS::Lambda::Function",
			"Properties": {
				"Description": "This function will add new announcements in the system.",
				"FunctionName": {
					"Ref": "createAnnouncementLambdaFuncName"
				},
				"Handler": "index.lambda_handler",
				"Role": {
					"Fn::GetAtt": ["IAMRole", "Arn"]
				},
				"Runtime": "python3.8",
				"Code": {
					"S3Bucket": {
						"Ref": "LambdaFunctionsBucket"
					},
					"S3Key": "createAnnouncement_func.zip"
				}

			},
			"DependsOn": "IAMRole"
		},
		
		
				
		"AnnouncementCognitoUserPool": {
			"Type" : "AWS::Cognito::UserPool",
			"Properties" : {
				"UserPoolName" : "AnnouncementsAPIUser"
			}
		},
		
		
		
		"AnnouncementUserPoolClient": {
			"Type" : "AWS::Cognito::UserPoolClient",
			"Properties" : {
				"UserPoolId" : {
					"Ref": "AnnouncementCognitoUserPool"
				},
				"AllowedOAuthFlows" : ["client_credentials"],
				"AllowedOAuthFlowsUserPoolClient" : true,
				"AllowedOAuthScopes" : [ "AnnouncementOAuth/list.Create.Announcements"],
				"ClientName" : "AnnouncementAPIClient",
				"GenerateSecret" : true,
				"SupportedIdentityProviders" : ["COGNITO"]
			},
			"DependsOn": "AnnouncementResourceServer"
		},
		
		
		"AnnouncementDomain": {
		  "Type" : "AWS::Cognito::UserPoolDomain",
		  "Properties" : {
			  "Domain" : {
				  "Ref": "UserPoolDomainName"
			  },
			  "UserPoolId" : {
				  "Ref": "AnnouncementCognitoUserPool"
			  }
			}
		},
		
		
		"AnnouncementResourceServer": {
			"Type" : "AWS::Cognito::UserPoolResourceServer",
			"Properties" : {
				"Identifier" : "AnnouncementOAuth",
				"Name" : "AnnouncementOAuth",
				"Scopes" :  [
				{
					"ScopeName": "list.Create.Announcements",
					"ScopeDescription": "Scope to list and create Announcements"
				}
				],
				"UserPoolId" : {
				  "Ref": "AnnouncementCognitoUserPool"
				}
			}
		},
		
		
		
		"AnnouncementsMicroservice": {
			"Type": "AWS::ApiGateway::RestApi",
			"Properties": {
				"Name": {
					"Ref": "APIName"
				},
				"Parameters": {
					"endpointConfigurationTypes": "REGIONAL"
				}
			},
			"DependsOn": "AnnouncementCognitoUserPool"
		},
		
		
		
		"AnnouncementCognitoAuthorizer": {
			"Type": "AWS::ApiGateway::Authorizer",
			"Properties": {
				"Name": "CognitoAuthorizer",
				"Type": "COGNITO_USER_POOLS",
				"IdentitySource": "method.request.header.Authorization",
				"ProviderARNs": [
				{
						"Fn::Sub": "${AnnouncementCognitoUserPool.Arn}"
				}
				],
				"RestApiId": {
					"Ref": "AnnouncementsMicroservice"
				}
			}
		},
		
		

		"Announcements": {
			"Type": "AWS::ApiGateway::Resource",
			"Properties": {
				"RestApiId": {
					"Ref": "AnnouncementsMicroservice"
				},
				"ParentId": {
					"Fn::GetAtt": [
						"AnnouncementsMicroservice",
						"RootResourceId"
					]
				},
				"PathPart": "announcements"
			},
			"DependsOn": "AnnouncementsMicroservice"
		},



		"listAnnouncementsMethod": {
			"Type": "AWS::ApiGateway::Method",
			"Properties": {
				"RestApiId": {
					"Ref": "AnnouncementsMicroservice"
				},
				"ResourceId": {
					"Ref": "Announcements"
				},
				"HttpMethod": "GET",
				"AuthorizationType": "COGNITO_USER_POOLS",
				"AuthorizerId": {
					"Ref": "AnnouncementCognitoAuthorizer"
				},
				"AuthorizationScopes" : ["AnnouncementOAuth/list.Create.Announcements"],
				"MethodResponses": [{
					"StatusCode": "200"
				}],
				"Integration": {
					"Type": "AWS_PROXY",
					"IntegrationHttpMethod": "POST",
					"Uri": {
						"Fn::Sub": "arn:aws:apigateway:${AWS::Region}:lambda:path/2015-03-31/functions/${listAnnouncements.Arn}/invocations"
					},
					"PassthroughBehavior": "when_no_match",
					"ContentHandling": "CONVERT_TO_TEXT"
				}
			},
			"DependsOn": "AnnouncementsMicroservice"
		},


		"createAnnouncementMethod": {
			"Type": "AWS::ApiGateway::Method",
			"Properties": {
				"RestApiId": {
					"Ref": "AnnouncementsMicroservice"
				},
				"ResourceId": {
					"Ref": "Announcements"
				},
				"HttpMethod": "POST",
				"AuthorizationType": "COGNITO_USER_POOLS",
				"AuthorizerId": {
					"Ref": "AnnouncementCognitoAuthorizer"
				},
				"AuthorizationScopes" : ["AnnouncementOAuth/list.Create.Announcements"],
				"MethodResponses": [{
					"StatusCode": "200"
				}],
				"Integration": {
					"Type": "AWS_PROXY",
					"IntegrationHttpMethod": "POST",
					"Uri": {
						"Fn::Sub": "arn:aws:apigateway:${AWS::Region}:lambda:path/2015-03-31/functions/${createAnnouncement.Arn}/invocations"
					},
					"PassthroughBehavior": "when_no_match",
					"ContentHandling": "CONVERT_TO_TEXT"
				}
			},
			"DependsOn": "AnnouncementsMicroservice"
		},



		"APIGatewayPermission1": {
			"Type": "AWS::Lambda::Permission",
			"Properties": {
				"FunctionName": {
					"Fn::GetAtt": [
						"createAnnouncement",
						"Arn"
					]
				},
				"Action": "lambda:InvokeFunction",
				"Principal": "apigateway.amazonaws.com"
			},
			"DependsOn": "createAnnouncement"
		},


		"APIGatewayPermission2": {
			"Type": "AWS::Lambda::Permission",
			"Properties": {
				"FunctionName": {
					"Fn::GetAtt": [
						"listAnnouncements",
						"Arn"
					]
				},
				"Action": "lambda:InvokeFunction",
				"Principal": "apigateway.amazonaws.com"
			},
			"DependsOn": "listAnnouncements"
		},



		"APIGatewayDeployment": {
			"Type": "AWS::ApiGateway::Deployment",
			"Properties": {
				"RestApiId": {
					"Ref": "AnnouncementsMicroservice"
				},
				"Description": "To Deploy the API Gateway on a particular stage",
				"StageName": {
					"Ref": "EnvironmentName"
				}
			},
			"DependsOn": "createAnnouncementMethod"
		}



	},

	"Parameters": {

		"DynamoDBTableName": {
			"Description": "Name of the Dynamo DB Table",
			"Type": "String",
			"Default": "Announcements_DynamoDB"
		},
		
		"IDKeyElementName": {
			"Description": "Name of the Announcement ID Key Element",
			"Type": "String",
			"Default": "announcementID"
		},

		"TitleKeyElementName": {
			"Description": "Name of the Announcement Title Key Element",
			"Type": "String",
			"Default": "announcementTitle"
		},

		"DescriptionKeyElementName": {
			"Description": "Name of the Announcement Description Key Element",
			"Type": "String",
			"Default": "AnnouncementDesc"
		},

		"DateKeyElementName": {
			"Description": "Name of the Announcement Date Key Element",
			"Type": "String",
			"Default": "announcementDate"
		},

		"ReadCapacityUnits": {
			"Description": "Provisioned read throughput",
			"Type": "Number",
			"Default": "2",
			"MinValue": "2",
			"MaxValue": "10000",
			"ConstraintDescription": "must be between 2 and 10000"
		},

		"WriteCapacityUnits": {
			"Description": "Provisioned write throughput",
			"Type": "Number",
			"Default": "2",
			"MinValue": "2",
			"MaxValue": "10000",
			"ConstraintDescription": "must be between 2 and 10000"
		},

		"ListAnnouncementsLambdaFuncName": {
			"Description": "Name of the Lambda FunctionName which will list all announcements in the system.",
			"Type": "String",
			"Default": "listAnnouncements_function"
		},

		"createAnnouncementLambdaFuncName": {
			"Description": "Name of the Lambda FunctionName which will add new announcement in the system.",
			"Type": "String",
			"Default": "createAnnouncement_function"
		},
		
		"UserPoolDomainName": {
			"Description": "Domain Name of the Cognito User Pool",
			"Type": "String",
			"Default": "philips-dev-auth"
		},

		"EnvironmentName": {
			"Description": "Stage Name for API Gateway deployment.",
			"Type": "String",
			"Default": "dev"
		},

		"APIName": {
			"Type": "String",
			"Default": "AnnouncementsMicroservice"
		},
		
		"LambdaFunctionsBucket": {
			"Description": "Name of the S3 bucket which contains Code zip files",
			"Type": "String",
			"Default": "lambda-functions-s3-bucket"
		}

	}

}